date,pnl,gross_pnl,cost,n_positions,cum_pnl,equity
2008-03-31,54.70000000000001,56.00000000000001,1.3,1,54.70000000000001,2000054.7
2008-05-17,177.70000000000175,205.0000000000017,27.3,2,232.40000000000177,2000232.4
2008-06-21,-3061.9000000000065,-3032.0000000000064,29.900000000000002,7,-2829.5000000000045,1997170.5
2008-06-30,254.80000000000007,260.00000000000006,5.2,1,-2574.7000000000044,1997425.3
2008-07-19,-349.8000000000027,-342.0000000000027,7.800000000000001,1,-2924.5000000000073,1997075.5
2008-09-20,621.0999999999999,638.0,16.9,3,-2303.4000000000074,1997696.6
2008-09-30,-1282.4,-1272.0,10.4,1,-3585.8000000000075,1996414.2
2009-05-16,-104.59999999999876,-101.99999999999876,2.6,1,-3690.400000000006,1996309.6
2009-06-30,277.1999999999997,284.9999999999997,7.8,5,-3413.200000000006,1996586.8
2009-07-18,1921.8000000000004,1966.0000000000002,44.2,11,-1491.4000000000058,1998508.6
2009-08-22,3337.6,3426.0,88.4,13,1846.1999999999941,2001846.2
2009-09-19,2812.8,2870.0,57.2,10,4658.9999999999945,2004659.0
2009-09-30,1076.3,1101.0,24.700000000000003,3,5735.299999999995,2005735.3
2009-10-17,6673.8,6900.0,226.20000000000002,17,12409.099999999995,2012409.1
2009-11-21,6212.9,6417.0,204.10000000000002,15,18621.999999999993,2018622.0
2009-12-19,2120.800000000002,2204.000000000002,83.2,17,20742.799999999996,2020742.8
2009-12-31,133.40000000000003,136.0,2.6,2,20876.199999999997,2020876.2
2010-01-16,1159.2999999999997,1196.9999999999998,37.7,12,22035.499999999996,2022035.5
2010-02-20,7169.900000000002,7374.000000000003,204.1,14,29205.399999999998,2029205.4
2010-03-20,6225.0,6355.000000000001,130.0,12,35430.399999999994,2035430.4
2010-03-31,210.8,216.0,5.2,1,35641.2,2035641.2
2010-04-17,7666.5,7920.0,253.50000000000003,14,43307.7,2043307.7
2010-05-22,-52363.60000000003,-52049.00000000002,314.6,17,-9055.90000000003,1990944.0999999999
2010-06-19,13374.8,13640.0,265.20000000000005,10,4318.899999999969,2004318.9
2010-07-17,1829.5000000000089,1940.0000000000089,110.5,4,6148.399999999978,2006148.4
2010-08-21,6227.400000000001,6386.000000000001,158.60000000000002,8,12375.799999999977,2012375.8
2010-09-18,17726.2,18124.0,397.8,10,30101.999999999978,2030102.0
2010-09-30,11267.000000000002,11514.0,247.00000000000003,3,41368.99999999998,2041369.0
2010-10-16,24445.0,25212.0,767.0,13,65813.99999999997,2065814.0
2010-11-20,9197.000000000025,10068.000000000024,871.0,16,75011.0,2075011.0
2010-12-18,23916.29999999998,24798.99999999998,882.7,18,98927.29999999999,2098927.3
2010-12-31,9344.7,9528.0,183.3,3,108271.99999999999,2108272.0
2011-01-21,28791.100000000002,29835.000000000004,1043.9,18,137063.09999999998,2137063.1
2011-02-19,15110.6,15901.0,790.4000000000001,9,152173.69999999998,2152173.7
2011-03-19,8859.900000000027,9103.000000000027,243.10000000000002,7,161033.6,2161033.6
2011-03-31,6339.5,6463.0,123.5,3,167373.1,2167373.1
2011-04-16,11777.0,12167.0,390.0,9,179150.1,2179150.1
2011-05-21,6906.500000000002,7472.000000000002,565.5,12,186056.6,2186056.6
2011-06-18,9405.499999999995,9814.999999999995,409.50000000000006,14,195462.1,2195462.1
2011-06-30,5500.799999999999,5610.0,109.2,3,200962.9,2200962.9
2011-07-16,32401.0,33272.0,871.0,18,233363.9,2233363.9
2011-08-20,-78528.90000000001,-77953.00000000001,575.9,14,154835.0,2154835.0
2011-11-19,910.8,968.0,57.2,1,155745.8,2155745.8
2012-01-21,3741.8000000000084,3812.000000000008,70.2,4,159487.6,2159487.6
2012-02-18,11652.7,11927.0,274.3,8,171140.30000000002,2171140.3
2012-03-17,-5172.099999999936,-4590.999999999935,581.1,12,165968.20000000007,2165968.2
2012-03-30,6168.4,6314.0,145.6,4,172136.60000000006,2172136.6
2012-04-21,7427.99999999996,8168.99999999996,741.0,16,179564.60000000003,2179564.6
2012-05-19,-41903.31999999997,-41515.91999999997,387.40000000000003,13,137661.28000000006,2137661.2800000003
2012-06-16,11507.900000000005,11790.000000000004,282.1,10,149169.18000000005,2149169.18
2012-06-29,5690.6,5779.0,88.4,3,154859.78000000006,2154859.7800000003
2012-07-21,8367.5,8621.0,253.5,8,163227.28000000006,2163227.2800000003
2012-08-18,-8277.900000000041,-7845.000000000042,432.9,11,154949.38,2154949.38
2012-09-22,9673.299999999977,10061.999999999978,388.70000000000005,13,164622.68,2164622.68
2012-09-28,5579.0,5709.0,130.0,4,170201.68,2170201.68
2012-10-20,2608.199999999959,2974.7999999999593,366.6,11,172809.87999999995,2172809.88
2012-11-17,-23462.649999999943,-22990.749999999945,471.9,18,149347.23,2149347.23
2012-12-14,1791.8,1836.0,44.2,1,151139.03,2151139.03
2012-12-22,2219.3,2387.0,167.70000000000002,4,153358.33,2153358.33
2012-12-28,834.5999999999995,857.9999999999994,23.4,2,154192.93,2154192.93
2013-01-04,1500.2,1534.0,33.800000000000004,1,155693.13,2155693.13
2013-01-19,10671.400000000001,11129.0,457.6,8,166364.53,2166364.53
2013-01-25,1876.5000000000002,1935.0000000000002,58.5,1,168241.03,2168241.03
2013-02-01,333.6,344.0,10.4,2,168574.63,2168574.63
2013-02-16,5136.9999999999945,5357.999999999994,221.0,10,173711.63,2173711.63
2013-02-22,-2494.1,-2446.0,48.1,3,171217.53,2171217.53
2013-03-01,1745.1999999999998,1792.0,46.8,2,172962.73,2172962.73
2013-03-16,6508.799999999997,6760.999999999997,252.20000000000002,10,179471.53,2179471.53
2013-03-28,1166.5,1199.0,32.5,3,180638.03,2180638.03
2013-04-05,380.6,391.0,10.4,2,181018.63,2181018.63
2013-04-20,-2394.7999999999815,-2308.999999999982,85.80000000000001,5,178623.83000000002,2178623.83
2013-05-03,1576.3000000000002,1627.0,50.7,3,180200.13,2180200.13
2013-05-18,-9502.499999999995,-9378.999999999995,123.5,4,170697.63,2170697.63
2013-05-24,89.1,93.0,3.9000000000000004,1,170786.73,2170786.73
2013-05-31,579.8,598.0,18.200000000000003,2,171366.53,2171366.53
2013-06-07,4217.7,4336.0,118.3,5,175584.23,2175584.23
2013-06-22,-5571.900000000001,-5464.0,107.9,4,170012.33000000002,2170012.33
2013-06-28,713.249999999998,760.049999999998,46.800000000000004,4,170725.58000000002,2170725.58
2013-07-20,5616.6,5744.0,127.4,6,176342.18000000002,2176342.18
2013-07-26,1115.5,1174.0,58.5,3,177457.68000000002,2177457.68
2013-08-02,959.2,980.0,20.8,2,178416.88000000003,2178416.88
2013-08-17,4064.399999999999,4262.0,197.60000000000002,8,182481.28000000003,2182481.2800000003
2013-08-23,2110.6,2160.0,49.400000000000006,2,184591.88000000003,2184591.88
2013-08-30,1507.800000000005,1578.0000000000048,70.2,3,186099.68000000005,2186099.68
2013-09-06,1107.4999999999998,1139.9999999999998,32.5,2,187207.18000000005,2187207.18
2013-09-21,10412.400000000001,10688.0,275.6,6,197619.58000000005,2197619.58
2013-09-30,4111.0,4254.0,143.0,2,201730.58000000005,2201730.58
2013-10-04,4414.2,4500.0,85.80000000000001,2,206144.78000000006,2206144.7800000003
2013-10-19,7734.900000000001,8017.0,282.1,8,213879.68000000005,2213879.68
2013-10-25,966.6000000000001,990.0000000000001,23.400000000000002,1,214846.28000000006,2214846.2800000003
2013-11-01,2038.4,2080.0,41.6,1,216884.68000000005,2216884.68
2013-11-16,1004.6000000000001,1054.0,49.400000000000006,3,217889.28000000006,2217889.2800000003
2013-11-22,694.6,744.0,49.4,2,218583.88000000006,2218583.88
2013-11-29,1457.8,1502.0,44.2,3,220041.68000000005,2220041.68
2013-12-06,1453.3999999999999,1495.0,41.6,3,221495.08000000005,2221495.08
2013-12-21,5064.6,5335.0,270.4,6,226559.68000000005,2226559.68
2013-12-31,3542.500000000001,3705.000000000001,162.5,2,230102.18000000005,2230102.18
2014-01-03,476.7,504.0,27.3,1,230578.88000000006,2230578.88
2014-01-18,2476.8,2560.0,83.2,3,233055.68000000005,2233055.68
2014-01-24,920.9999999999999,959.9999999999999,39.0,1,233976.68000000005,2233976.68
2014-01-31,1111.5,1170.0,58.5,1,235088.18000000005,2235088.18
2014-02-07,2110.3000000000043,2187.0000000000045,76.7,2,237198.48000000007,2237198.48
2014-02-22,8191.7,8557.0,365.3,6,245390.18000000008,2245390.18
2014-03-14,2054.6000000000004,2104.0,49.400000000000006,2,247444.7800000001,2247444.7800000003
2014-03-22,8515.0,8944.0,429.0,5,255959.7800000001,2255959.7800000003
2014-03-28,3513.0,3708.0,195.0,2,259472.7800000001,2259472.7800000003
2014-04-04,-667.1999999999981,-635.9999999999982,31.200000000000003,2,258805.58000000007,2258805.58
2014-04-11,3132.8,3216.0,83.2,2,261938.38000000006,2261938.38
2014-04-19,-2680.639999999987,-2333.5399999999872,347.1,7,259257.74000000008,2259257.74
2014-04-25,4073.0,4281.0,208.0,5,263330.7400000001,2263330.74
2014-05-02,-226.80000000001235,-180.00000000001228,46.800000000000004,2,263103.9400000001,2263103.94
2014-05-17,1187.8,1232.0,44.2,3,264291.7400000001,2264291.74
2014-05-23,932.1,949.0,16.900000000000002,1,265223.8400000001,2265223.84
2014-05-30,1135.7,1176.0000000000002,40.300000000000004,4,266359.5400000001,2266359.54
2014-06-06,1185.9,1247.0,61.1,3,267545.4400000001,2267545.44
2014-06-13,2561.8,2645.0,83.2,3,270107.2400000001,2270107.24
2014-06-21,4810.4,4969.0,158.60000000000002,6,274917.64000000013,2274917.64
2014-06-27,770.7,798.0,27.3,1,275688.34000000014,2275688.3400000003
2014-07-03,1760.4999999999998,1805.9999999999998,45.5,2,277448.84000000014,2277448.8400000003
2014-07-19,10121.7,10617.0,495.3,7,287570.54000000015,2287570.54
2014-07-25,865.8,910.0,44.2,2,288436.34000000014,2288436.3400000003
2014-08-01,347.09999999999997,363.99999999999994,16.900000000000002,1,288783.4400000001,2288783.44
2014-08-08,432.90000000001254,481.00000000001256,48.1,1,289216.34000000014,2289216.3400000003
2014-08-16,1300.2,1334.0,33.800000000000004,3,290516.54000000015,2290516.54
2014-08-22,3856.8,4018.0,161.20000000000002,3,294373.34000000014,2294373.3400000003
2014-08-29,2418.9000000000005,2480.0000000000005,61.1,2,296792.24000000017,2296792.24
2014-09-05,2649.6,2712.0,62.4,2,299441.84000000014,2299441.8400000003
2014-09-12,2193.6,2256.0,62.400000000000006,2,301635.4400000001,2301635.44
2014-09-20,5141.4,5352.0,210.60000000000002,5,306776.84000000014,2306776.8400000003
2014-09-26,-3413.8000000000015,-3380.0000000000014,33.800000000000004,1,303363.04000000015,2303363.04
2014-09-30,715.2000000000002,736.0000000000001,20.8,1,304078.24000000017,2304078.24
2014-10-18,-3522.500000000012,-3347.000000000012,175.5,4,300555.74000000017,2300555.74
2014-11-07,1395.9,1431.0,35.1,1,301951.6400000002,2301951.64
2014-11-28,506.9,516.0,9.1,2,302458.5400000002,2302458.54
2014-12-05,884.6,908.0,23.400000000000002,2,303343.1400000002,2303343.14
2014-12-12,396.89999999999986,405.9999999999999,9.1,1,303740.0400000002,2303740.04
2014-12-20,6073.000000000002,6268.000000000002,195.0,4,309813.0400000002,2309813.04
2014-12-26,878.9,901.0,22.1,1,310691.94000000024,2310691.9400000004
2014-12-31,913.1,943.0,29.900000000000002,1,311605.0400000002,2311605.04
2015-01-02,1181.4000000000003,1210.0000000000002,28.6,1,312786.44000000024,2312786.4400000004
2015-01-17,1333.8,1365.0,31.2,3,314120.2400000002,2314120.24
2015-01-23,1682.2,1716.0,33.800000000000004,1,315802.44000000024,2315802.4400000004
2015-01-30,1217.5,1250.0,32.5,1,317019.94000000024,2317019.9400000004
2015-02-06,581.1,598.0,16.900000000000002,1,317601.0400000002,2317601.04
2015-02-13,869.6000000000001,880.0000000000001,10.4,1,318470.6400000002,2318470.64
2015-02-20,536.9999999999999,549.9999999999999,13.0,1,319007.6400000002,2319007.64
2015-02-27,-6574.199999999972,-6505.299999999971,68.9,3,312433.44000000024,2312433.4400000004
2015-03-06,790.5,810.0,19.5,1,313223.94000000024,2313223.9400000004
2015-03-13,394.8,400.0,5.2,1,313618.7400000002,2313618.74
2015-03-20,3691.7,3744.9999999999995,53.3,2,317310.44000000024,2317310.4400000004
2015-03-27,1499.3,1537.0,37.7,1,318809.7400000002,2318809.74
2015-04-02,1128.900000000005,1177.000000000005,48.1,2,319938.64000000025,2319938.64
2015-04-10,4958.9,5059.0,100.1,3,324897.54000000027,2324897.54
2015-04-17,4185.6,4274.0,88.4,4,329083.14000000025,2329083.14
2015-04-24,9058.400000000001,9269.0,210.60000000000002,4,338141.54000000027,2338141.54
2015-05-01,827.2,848.0,20.8,1,338968.7400000003,2338968.74
2015-05-08,1791.8,1836.0,44.2,2,340760.54000000027,2340760.54
2015-05-15,-14489.900000000001,-14278.0,211.9,5,326270.64000000025,2326270.64
2015-05-22,-17825.7,-17632.0,193.70000000000002,5,308444.94000000024,2308444.9400000004
2015-05-29,1803.3999999999983,1896.9999999999984,93.60000000000001,4,310248.34000000026,2310248.3400000003
2015-06-05,2429.9,2478.0,48.1,2,312678.2400000003,2312678.24
2015-06-12,-776.2000000000036,-719.0000000000036,57.2,4,311902.04000000027,2311902.04
2015-06-19,1268.1000000000076,1382.5000000000073,114.4,4,313170.1400000003,2313170.14
2015-06-26,2900.2999999999997,2964.0,63.7,3,316070.4400000003,2316070.4400000004
2015-07-02,2011.0000000000002,2050.0,39.0,2,318081.4400000003,2318081.4400000004
2015-07-10,5321.2,5771.0,449.8,4,323402.6400000003,2323402.64
2015-07-17,4009.5,4094.0,84.5,3,327412.1400000003,2327412.14
2015-07-24,680.2999999999888,756.9999999999886,76.7,3,328092.4400000003,2328092.4400000004
2015-07-31,1120.1,1150.0,29.900000000000002,1,329212.54000000027,2329212.54
2015-08-14,377.6,388.0,10.4,2,329590.14000000025,2329590.14
2015-08-21,-4815.6,-4800.0,15.600000000000001,1,324774.54000000027,2324774.54
2015-08-28,-499.8000000000095,-453.00000000000944,46.800000000000004,3,324274.7400000003,2324274.74
2015-09-04,-14304.299999999994,-14263.999999999995,40.300000000000004,3,309970.4400000003,2309970.4400000004
2015-09-11,-6577.599999999997,-6535.999999999997,41.6,3,303392.8400000003,2303392.8400000003
2015-09-18,-8203.9,-8018.0,185.9,4,295188.9400000003,2295188.9400000004
2015-11-06,955.5,975.0,19.5,1,296144.4400000003,2296144.4400000004
2015-11-13,723.8,742.0,18.2,1,296868.2400000003,2296868.24
2015-11-20,113.40000000000002,116.00000000000001,2.6,1,296981.6400000003,2296981.64
2015-11-27,3512.0999999999926,3619.9999999999923,107.9,3,300493.7400000003,2300493.74
2015-12-04,487.0,500.0,13.0,1,300980.7400000003,2300980.74
2015-12-11,2227.0999999999995,2269.9999999999995,42.9,2,303207.84000000026,2303207.8400000003
2015-12-18,1954.2,2144.0,189.79999999999998,2,305162.04000000027,2305162.04
2015-12-24,1004.4000000000002,1020.0000000000002,15.600000000000001,1,306166.4400000003,2306166.4400000004
2015-12-31,828.0999999999998,844.9999999999998,16.900000000000002,1,306994.54000000027,2306994.54
2016-01-15,-1594.6,-1592.0,2.6,1,305399.9400000003,2305399.9400000004
2016-01-22,-5645.099999999997,-5622.999999999996,22.1,2,299754.8400000003,2299754.8400000003
2016-01-29,-6932.899999999998,-6915.999999999998,16.900000000000002,1,292821.9400000003,2292821.9400000004
2016-03-24,2428.4,2496.0,67.60000000000001,1,295250.3400000003,2295250.3400000003
2016-04-08,887.3000000000001,912.0000000000001,24.7,1,296137.6400000003,2296137.64
2016-04-15,2659.2,2719.0,59.800000000000004,3,298796.8400000003,2298796.8400000003
2016-04-22,1567.1000000000001,1623.0,55.900000000000006,2,300363.9400000003,2300363.9400000004
2016-04-29,1931.8,2015.0,83.2,2,302295.7400000003,2302295.74
2016-05-06,505.4000000000081,534.0000000000082,28.6,2,302801.1400000003,2302801.14
2016-05-13,456.9,465.99999999999994,9.1,2,303258.0400000003,2303258.0400000005
2016-05-20,-1121.8999999999846,-922.9999999999851,198.9,6,302136.14000000036,2302136.1400000006
2016-05-27,2326.8999999999864,2485.4999999999864,158.6,6,304463.0400000003,2304463.0400000005
2016-06-03,2746.9,2808.0,61.1,2,307209.94000000035,2307209.9400000004
2016-06-10,1587.6000000000001,1624.0000000000002,36.4,1,308797.5400000003,2308797.5400000005
2016-06-17,5017.199999999999,5142.0,124.80000000000001,3,313814.74000000034,2313814.74
2016-06-24,6807.200000000001,6984.0,176.8,4,320621.94000000035,2320621.9400000004
2016-06-30,914.0,940.0,26.0,1,321535.94000000035,2321535.9400000004
2016-07-01,1926.6,1976.0,49.4,1,323462.5400000003,2323462.5400000005
2016-07-08,2369.8,2414.0,44.2,1,325832.3400000003,2325832.3400000003
2016-07-22,1148.7000000000003,1176.0000000000002,27.3,1,326981.0400000003,2326981.0400000005
2016-07-29,82.8,88.0,5.2,1,327063.8400000003,2327063.8400000003
2016-08-05,461.6000000000001,472.00000000000006,10.4,1,327525.4400000003,2327525.4400000004
2016-08-12,513.7000000000002,528.0000000000001,14.3,1,328039.1400000003,2328039.14
2016-08-19,1286.1,1381.0,94.9,3,329325.2400000003,2329325.24
2016-08-26,3266.2,3352.0,85.8,5,332591.4400000003,2332591.4400000004
2016-09-02,3550.9000000000005,3664.0,113.10000000000001,4,336142.3400000003,2336142.3400000003
2016-09-09,1655.1,1697.9999999999998,42.900000000000006,2,337797.4400000003,2337797.4400000004
2016-09-16,3865.8000000000193,4079.000000000019,213.20000000000002,6,341663.24000000034,2341663.24
2016-09-23,2264.5,2310.0,45.5,1,343927.74000000034,2343927.74
2016-09-30,6379.1,6565.0,185.9,4,350306.8400000003,2350306.8400000003
2016-10-07,333.9,343.0,9.1,1,350640.74000000034,2350640.74
2016-10-14,2158.6000000000004,2208.0,49.400000000000006,2,352799.3400000003,2352799.3400000003
2016-10-21,1310.9999999999998,1349.9999999999998,39.0,1,354110.3400000003,2354110.3400000003
2016-10-28,-22895.00000000001,-22726.00000000001,169.00000000000003,4,331215.3400000003,2331215.3400000003
2016-11-04,-6700.100000000006,-6626.0000000000055,74.10000000000001,3,324515.24000000034,2324515.24
2016-11-11,2072.1000000000004,2128.0,55.900000000000006,2,326587.3400000003,2326587.3400000003
2016-11-18,656.4000000000001,672.0000000000001,15.600000000000001,1,327243.74000000034,2327243.74
2016-11-25,-18053.899999999998,-17893.999999999996,159.9,4,309189.8400000003,2309189.8400000003
2016-12-16,750.1000000000001,767.0000000000001,16.900000000000002,1,309939.9400000003,2309939.9400000004
2016-12-23,2745.4,2800.0,54.6,2,312685.3400000003,2312685.3400000003
2016-12-30,4341.400000000001,4422.0,80.6,3,317026.74000000034,2317026.74
2017-01-06,791.2,851.0,59.800000000000004,2,317817.94000000035,2317817.9400000004
2017-01-13,1668.9,1704.0,35.1,2,319486.8400000004,2319486.8400000003
2017-01-20,2881.0,2946.0,65.0,3,322367.8400000004,2322367.8400000003
2017-01-27,2545.2,2592.0,46.800000000000004,1,324913.0400000004,2324913.0400000005
2017-02-03,2424.0,2476.0,52.0,3,327337.0400000004,2327337.0400000005
2017-02-10,1762.9,1837.0,74.1,2,329099.9400000004,2329099.9400000004
2017-02-17,3670.09999999998,3842.99999999998,172.90000000000003,4,332770.0400000004,2332770.0400000005
2017-02-24,1074.1000000000001,1104.0000000000002,29.900000000000002,1,333844.14000000036,2333844.1400000006
2017-03-03,684.3,709.0,24.700000000000003,3,334528.44000000035,2334528.4400000004
2017-03-10,1843.1000000000001,1886.0000000000002,42.900000000000006,2,336371.5400000003,2336371.5400000005
2017-03-17,4724.9,4903.0,178.1,4,341096.44000000035,2341096.4400000004
2017-03-24,665.7000000000002,693.0000000000001,27.3,1,341762.14000000036,2341762.1400000006
2017-03-31,4116.900000000001,4295.0,178.10000000000002,3,345879.0400000004,2345879.0400000005
2017-04-07,1300.1999999999998,1386.0,85.80000000000001,2,347179.2400000004,2347179.24
2017-04-13,1148.7000000000003,1176.0000000000002,27.3,1,348327.9400000004,2348327.9400000004
2017-04-21,786.9000000000001,822.0,35.1,2,349114.84000000043,2349114.8400000003
2017-04-28,604.5,624.0,19.5,2,349719.34000000043,2349719.3400000003
2017-05-03,1043.6999999999998,1070.9999999999998,27.3,1,350763.04000000044,2350763.0400000005
2017-05-26,83.40000000000002,86.00000000000001,2.6,1,350846.44000000047,2350846.4400000004
2017-06-02,1195.4,1237.0,41.6,2,352041.8400000005,2352041.8400000003
2017-06-16,1611.9,1699.0,87.1,2,353653.7400000005,2353653.7400000007
2017-06-23,2046.0,2111.0,65.0,4,355699.7400000005,2355699.7400000007
2017-06-30,4403.500000000006,4579.000000000006,175.5,3,360103.2400000005,2360103.2400000007
2017-07-07,-279.2999999999797,-160.99999999997954,118.30000000000001,3,359823.9400000005,2359823.9400000004
2017-07-14,381.5999999999999,391.9999999999999,10.4,1,360205.5400000005,2360205.5400000005
2017-07-21,2827.4,2947.0,119.60000000000001,3,363032.9400000005,2363032.9400000004
2017-07-28,1355.3000000000002,1393.0,37.7,2,364388.2400000005,2364388.2400000007
2017-08-04,759.9,782.0,22.1,1,365148.14000000054,2365148.1400000006
2017-08-18,-4077.1999999999994,-3980.999999999999,96.2,3,361070.9400000005,2361070.9400000004
2017-08-25,1256.5000000000068,1328.0000000000066,71.5,4,362327.4400000005,2362327.4400000004
2017-09-01,2633.2,2731.9999999999995,98.80000000000001,2,364960.64000000054,2364960.6400000006
2017-09-08,2005.9,2093.0,87.10000000000001,2,366966.54000000056,2366966.5400000005
2017-09-15,2087.8,2184.0,96.20000000000002,2,369054.34000000055,2369054.340000001
2017-09-22,4864.0,5098.0,234.0,3,373918.34000000055,2373918.340000001
2017-09-29,-3635.7999999999815,-3530.499999999981,105.30000000000001,4,370282.54000000056,2370282.5400000005
2017-10-06,1235.1000000000001,1265.0000000000002,29.900000000000002,1,371517.64000000054,2371517.6400000006
2017-10-13,863.5999999999999,899.9999999999999,36.400000000000006,2,372381.2400000005,2372381.2400000007
2017-10-20,2839.8999999999887,2952.9999999999886,113.10000000000001,5,375221.1400000005,2375221.1400000006
2017-10-27,2696.9000000000005,2771.0,74.10000000000001,2,377918.0400000005,2377918.0400000005
2017-11-03,1936.9,1998.0000000000002,61.1,2,379854.9400000005,2379854.9400000004
2017-11-17,1882.5,1993.0,110.5,4,381737.4400000005,2381737.4400000004
2017-11-24,2058.5,2143.0,84.5,2,383795.9400000005,2383795.9400000004
2017-12-01,2793.5,2904.0,110.5,4,386589.4400000005,2386589.4400000004
2017-12-08,1051.700000000008,1105.000000000008,53.3,2,387641.14000000054,2387641.1400000006
2017-12-15,2672.0000000000055,2898.2000000000053,226.2,5,390313.14000000054,2390313.1400000006
2017-12-22,1022.7,1050.0,27.3,1,391335.84000000055,2391335.840000001
2017-12-29,5998.3,6205.0,206.70000000000002,4,397334.14000000054,2397334.1400000006
2018-01-05,1244.3000000000002,1295.0000000000002,50.7,3,398578.4400000005,2398578.4400000004
2018-01-12,1523.2,1596.0,72.8,2,400101.64000000054,2400101.6400000006
2018-01-19,548.4,564.0,15.600000000000001,1,400650.04000000056,2400650.0400000005
2018-01-26,408.6000000000001,432.00000000000006,23.400000000000002,1,401058.64000000054,2401058.6400000006
2018-02-02,280.20000000000005,288.00000000000006,7.800000000000001,1,401338.84000000055,2401338.840000001
2018-02-09,-14456.800000000008,-14260.50000000001,196.3,6,386882.04000000056,2386882.0400000005
2018-02-16,-5439.500000000002,-5290.000000000001,149.5,3,381442.54000000056,2381442.5400000005
2018-02-23,-2215.819999999997,-2081.9199999999973,133.9,4,379226.72000000055,2379226.7200000007
2018-03-02,-2652.6000000000213,-2598.000000000022,54.6,3,376574.1200000005,2376574.1200000006
2018-03-16,-1305.6000000000017,-1283.5000000000018,22.1,1,375268.52000000054,2375268.5200000005
2018-03-23,-237.89999999999915,-233.99999999999915,3.9000000000000004,1,375030.6200000005,2375030.6200000006
2018-03-29,317.0000000000056,330.0000000000056,13.0,1,375347.6200000005,2375347.6200000006
2018-04-06,-485.30000000000064,-484.0000000000006,1.3,1,374862.32000000053,2374862.3200000003
2018-04-13,-2546.4000000000106,-2536.0000000000105,10.4,1,372315.9200000005,2372315.9200000004
2018-04-20,969.2999999999998,980.9999999999999,11.700000000000001,1,373285.2200000005,2373285.2200000007
2018-05-18,-1840.2999999999986,-1799.9999999999986,40.3,2,371444.9200000005,2371444.9200000004
2018-05-25,492.5,525.0,32.5,1,371937.4200000005,2371937.4200000004
2018-06-01,317.79999999999995,335.99999999999994,18.2,1,372255.2200000005,2372255.2200000007
2018-06-08,958.8,977.0,18.200000000000003,2,373214.0200000005,2373214.0200000005
2018-06-15,149.30000000000246,187.0000000000025,37.7,3,373363.3200000005,2373363.3200000003
2018-06-22,-930.1000000000074,-882.0000000000075,48.1,2,372433.22000000044,2372433.2200000007
2018-06-29,1487.3999999999999,1516.0,28.6,2,373920.62000000046,2373920.6200000006
2018-07-06,515.1,558.0,42.900000000000006,2,374435.72000000044,2374435.7200000007
2018-07-13,340.9,350.0,9.1,1,374776.62000000046,2374776.6200000006
2018-07-20,1438.8,1470.0,31.200000000000003,2,376215.42000000045,2376215.4200000004
2018-08-10,3658.7000000000003,3803.0,144.3,3,379874.12000000046,2379874.1200000006
2018-08-17,1947.7999999999988,1991.9999999999989,44.2,3,381821.92000000045,2381821.9200000004
2018-08-24,1612.1999999999998,1672.0,59.800000000000004,3,383434.12000000046,2383434.1200000006
2018-09-07,637.6,648.0,10.4,1,384071.72000000044,2384071.7200000007
2018-09-21,2627.0999999999995,2786.9999999999995,159.9,3,386698.8200000004,2386698.8200000003
2018-09-28,3044.5,3168.0,123.5,2,389743.3200000004,2389743.3200000003
2018-10-05,-3578.3999999999987,-3541.999999999999,36.4,2,386164.9200000004,2386164.9200000004
2018-10-12,-1206.100000000004,-1197.000000000004,9.1,1,384958.8200000004,2384958.8200000003
2018-10-19,-11953.299999999992,-11880.499999999993,72.8,4,373005.5200000004,2373005.5200000005
2018-10-26,-23167.0,-23102.0,65.0,3,349838.5200000004,2349838.5200000005
2019-02-08,425.7,440.0,14.3,1,350264.22000000044,2350264.2200000007
2019-02-15,1323.7,1403.0,79.3,1,351587.92000000045,2351587.9200000004
2019-03-01,-435.10000000001094,-361.0000000000109,74.1,2,351152.8200000004,2351152.8200000003
2019-03-08,1777.5,1836.0,58.5,2,352930.3200000004,2352930.3200000003
2019-03-15,1675.1999999999998,1774.0,98.8,2,354605.5200000004,2354605.5200000005
2019-03-22,-2402.1999999999985,-2279.999999999998,122.2,4,352203.3200000004,2352203.3200000003
2019-03-29,1186.299999999998,1262.9999999999977,76.7,4,353389.6200000004,2353389.6200000006
2019-04-05,1669.6999999999998,1710.0,40.300000000000004,2,355059.3200000004,2355059.3200000003
2019-04-12,1006.2000000000002,1040.0,33.800000000000004,2,356065.5200000004,2356065.5200000005
2019-04-18,-1449.9999999999936,-1397.9999999999936,52.0,3,354615.5200000004,2354615.5200000005
2019-04-26,1236.5,1269.0,32.5,2,355852.0200000004,2355852.0200000005
2019-05-03,1881.5,1953.0,71.5,3,357733.5200000004,2357733.5200000005
2019-05-10,-223.70000000000027,-199.00000000000023,24.700000000000003,2,357509.8200000004,2357509.8200000003
2019-05-17,816.3,828.0,11.700000000000001,1,358326.1200000004,2358326.1200000006
2019-05-24,-9441.699999999999,-9391.0,50.7,3,348884.4200000004,2348884.4200000004
2019-05-31,-22853.800000000014,-22742.000000000015,111.80000000000001,3,326030.6200000004,2326030.6200000006
2019-07-19,3046.3,3123.0000000000005,76.7,3,329076.9200000004,2329076.9200000004
2019-07-26,642.4999999999999,674.9999999999999,32.5,1,329719.4200000004,2329719.4200000004
2019-08-02,-1540.1999999999996,-1495.9999999999995,44.2,3,328179.2200000004,2328179.22
2019-08-09,243.80000000000018,288.0000000000001,44.2,3,328423.02000000037,2328423.0200000005
2019-08-16,-10403.199999999999,-10254.999999999998,148.2,3,318019.82000000036,2318019.8200000003
2019-08-23,-14237.600000000002,-14144.000000000002,93.6,3,303782.2200000004,2303782.22
2019-08-30,-495.60000000000286,-480.00000000000284,15.600000000000001,1,303286.6200000004,2303286.6200000006
2019-09-20,718.2,726.0,7.800000000000001,1,304004.8200000004,2304004.8200000003
2019-10-18,4246.6,4348.0,101.4,4,308251.4200000004,2308251.4200000004
2019-10-25,3738.5,3810.0,71.5,2,311989.9200000004,2311989.9200000004
2019-11-15,3250.0999999999995,3345.0,94.9,4,315240.02000000037,2315240.0200000005
2019-11-22,638.2000000000057,698.0000000000057,59.800000000000004,3,315878.2200000004,2315878.22
2019-11-29,2094.8000000000056,2217.0000000000055,122.2,6,317973.02000000037,2317973.0200000005
2019-12-06,1933.0000000000002,1998.0,65.0,4,319906.02000000037,2319906.0200000005
2019-12-13,3244.0,3296.0,52.0,2,323150.02000000037,2323150.0200000005
2019-12-20,4136.9,4302.0,165.10000000000002,3,327286.9200000004,2327286.9200000004
2019-12-27,4857.299999999955,5024.9999999999545,167.7,4,332144.2200000003,2332144.22
2020-01-03,1076.6999999999998,1220.9999999999998,144.3,1,333220.92000000033,2333220.9200000004
2020-01-10,2089.7,2169.0,79.3,4,335310.62000000034,2335310.62
2020-01-17,-3379.999999999986,-3093.9999999999864,286.0,3,331930.62000000034,2331930.62
2020-01-31,4078.0,4195.0,117.0,2,336008.62000000034,2336008.62
2020-02-07,1173.7,1188.0,14.3,1,337182.32000000036,2337182.3200000003
2020-02-14,-10491.9,-10371.0,120.9,3,326690.42000000033,2326690.4200000004
2020-02-21,2814.0,2944.0,130.0,2,329504.42000000033,2329504.4200000004
2020-02-28,-6802.9,-6773.0,29.900000000000002,2,322701.5200000003,2322701.5200000005
2020-03-13,475.0000000000002,514.0000000000002,39.00000000000001,2,323176.5200000003,2323176.5200000005
2020-03-20,-10539.999999999998,-10526.999999999998,13.0,2,312636.5200000003,2312636.5200000005
2020-06-05,4685.0,4750.0,65.0,1,317321.5200000003,2317321.5200000005
2020-07-24,4224.1,4293.0,68.9,1,321545.6200000003,2321545.62
2020-07-31,5028.3,5157.0,128.70000000000002,2,326573.9200000003,2326573.9200000004
2020-08-21,992.9999999999999,1058.0,65.0,2,327566.9200000003,2327566.9200000004
2020-09-18,1406.6000000000001,1482.0,75.4,2,328973.52000000025,2328973.5200000005
2020-10-09,571.3000000000001,609.0000000000001,37.7,1,329544.82000000024,2329544.8200000003
2020-10-16,1243.5,1315.0,71.5,2,330788.32000000024,2330788.3200000003
2020-10-30,720.8999999999999,755.9999999999999,35.1,1,331509.22000000026,2331509.22
2020-11-20,848.0999999999999,890.9999999999999,42.9,1,332357.32000000024,2332357.3200000003
2020-12-18,1634.2999999999997,1711.0,76.7,2,333991.6200000002,2333991.62
2020-12-24,1651.0000000000005,1690.0000000000005,39.0,2,335642.6200000002,2335642.62
2020-12-31,1612.1,1681.0,68.9,2,337254.7200000002,2337254.72
2021-01-08,2612.3999999999996,2706.0,93.6,2,339867.1200000002,2339867.12
2021-01-15,543.2000000000003,616.0000000000002,72.8,1,340410.32000000024,2340410.3200000003
2021-01-29,1510.2000000000003,1518.0000000000002,7.800000000000001,1,341920.52000000025,2341920.5200000005
2021-02-05,1213.5,1220.0,6.5,1,343134.02000000025,2343134.0200000005
2021-02-19,2229.7,2322.0,92.3,3,345363.72000000026,2345363.72
2021-03-05,-2676.5000000000045,-2670.0000000000045,6.5,1,342687.22000000026,2342687.22
2021-03-12,-2655.1000000000045,-2646.0000000000045,9.1,1,340032.1200000003,2340032.12
2021-03-19,-3450.3,-3423.0,27.3,1,336581.8200000003,2336581.8200000003
2021-03-26,386.0999999999999,402.9999999999999,16.900000000000002,1,336967.9200000003,2336967.9200000004
2021-03-31,551.3999999999999,553.9999999999999,2.6,1,337519.3200000003,2337519.3200000003
2021-04-16,148.50000000000003,155.00000000000003,6.5,1,337667.8200000003,2337667.8200000003
2021-04-23,1082.8000000000002,1088.0000000000002,5.2,1,338750.6200000003,2338750.62
2021-05-07,1148.5,1155.0,6.5,1,339899.1200000003,2339899.12
2021-05-14,1568.9999999999998,1594.9999999999998,26.0,2,341468.1200000003,2341468.12
2021-05-21,1833.1999999999996,1905.9999999999995,72.8,2,343301.3200000003,2343301.3200000003
2021-05-28,1985.7,2026.0,40.3,2,345287.0200000003,2345287.0200000005
2021-06-04,1358.5,1365.0,6.5,1,346645.5200000003,2346645.5200000005
2021-06-18,2213.0,2265.0,52.0,2,348858.5200000003,2348858.5200000005
2021-06-25,1474.1999999999998,1508.0,33.800000000000004,2,350332.7200000003,2350332.72
2021-07-02,1192.1999999999998,1199.9999999999998,7.800000000000001,1,351524.92000000033,2351524.9200000004
2021-07-16,623.1,627.0,3.9000000000000004,1,352148.0200000003,2352148.0200000005
2021-07-23,446.19999999999993,505.99999999999994,59.800000000000004,1,352594.2200000003,2352594.22
2021-08-06,455.4,458.0,2.6,1,353049.62000000034,2353049.62
2021-08-13,641.1000000000001,645.0000000000001,3.9000000000000004,1,353690.7200000003,2353690.72
2021-08-20,1143.0,1182.0,39.0,2,354833.7200000003,2354833.72
2021-09-03,1000.2000000000003,1008.0000000000002,7.800000000000001,1,355833.92000000033,2355833.9200000004
2021-09-17,1006.7999999999998,1011.9999999999999,5.2,1,356840.7200000003,2356840.72
2021-11-15,409.4,412.0,2.6,1,357250.12000000034,2357250.12
2021-12-17,2129.700000000028,2170.000000000028,40.300000000000004,1,359379.82000000036,2359379.8200000003
2022-01-28,-4124.6,-4122.0,2.6,1,355255.2200000004,2355255.22
2022-02-02,-3769.199999999996,-3763.9999999999964,5.2,1,351486.02000000037,2351486.0200000005
2022-02-11,-1522.2000000000057,-1478.000000000006,44.2,2,349963.82000000036,2349963.8200000003
2022-03-04,188.99999999999932,214.99999999999932,26.0,2,350152.82000000036,2350152.8200000003
2022-03-11,-1961.2999999999995,-1959.9999999999995,1.3,1,348191.52000000037,2348191.5200000005
2022-05-13,-11690.9,-11661.0,29.900000000000002,1,336500.62000000034,2336500.62
2022-05-20,-7759.2000000000035,-7728.000000000004,31.200000000000003,1,328741.42000000033,2328741.4200000004
2022-12-16,-4.800000000001807,15.999999999998193,20.8,1,328736.62000000034,2328736.62
2022-12-23,807.2999999999998,857.9999999999999,50.7,1,329543.92000000033,2329543.9200000004
2022-12-30,734.6000000000095,836.0000000000094,101.4,2,330278.52000000037,2330278.5200000005
2023-01-06,1929.4000000000003,1958.0000000000002,28.6,1,332207.9200000004,2332207.9200000004
2023-01-27,1285.0,1350.0,65.0,1,333492.9200000004,2333492.9200000004
2023-02-10,261.8,280.0,18.2,1,333754.7200000004,2333754.72
2023-02-17,-9677.500000000004,-9567.000000000004,110.5,3,324077.2200000004,2324077.22
2023-02-24,-7858.9999999999945,-7793.9999999999945,65.0,5,316218.2200000004,2316218.22
2023-03-03,-542.3000000000069,-463.0000000000068,79.3,2,315675.9200000004,2315675.9200000004
2023-03-10,-11369.999999999995,-11239.999999999993,130.0,4,304305.9200000004,2304305.9200000004
2023-03-17,1022.3999999999953,1037.9999999999952,15.600000000000001,3,305328.3200000004,2305328.3200000003
2023-04-06,1290.6,1314.0,23.400000000000002,1,306618.9200000004,2306618.9200000004
2023-04-21,1201.5,1221.0,19.5,2,307820.4200000004,2307820.4200000004
2023-04-28,1956.6,1966.9999999999998,10.4,2,309777.02000000037,2309777.0200000005
2023-05-05,2557.7000000000003,2572.0,14.3,2,312334.7200000004,2312334.72
2023-05-12,1073.5,1080.0,6.5,1,313408.2200000004,2313408.22
2023-05-19,-2024.5000000000016,-1927.0000000000016,97.5,6,311383.7200000004,2311383.72
2023-05-26,-758.8999999999942,-728.9999999999941,29.900000000000002,2,310624.8200000004,2310624.8200000003
2023-06-02,978.5,985.0,6.5,1,311603.3200000004,2311603.3200000003
2023-06-09,-3653.8000000000275,-3594.0000000000273,59.800000000000004,2,307949.52000000037,2307949.5200000005
2023-06-16,4389.199999999999,4435.999999999999,46.800000000000004,2,312338.7200000004,2312338.72
2023-06-23,1204.2,1212.0,7.800000000000001,1,313542.9200000004,2313542.9200000004
2023-06-30,712.5000000000015,732.0000000000016,19.500000000000004,2,314255.4200000004,2314255.4200000004
2023-07-07,427.40000000000003,430.00000000000006,2.6,1,314682.8200000004,2314682.8200000003
2023-07-14,134.7,136.0,1.3,1,314817.5200000004,2314817.5200000005
2023-07-21,1208.9,1231.0,22.1,3,316026.42000000045,2316026.4200000004
2023-07-28,1371.0,1384.0,13.0,2,317397.42000000045,2317397.4200000004
2023-08-04,3040.8999999999996,3076.0,35.1,4,320438.3200000005,2320438.3200000003
2023-08-11,1849.2,1883.0000000000002,33.8,4,322287.5200000005,2322287.5200000005
2023-08-18,-11925.099999999988,-11785.999999999987,139.1,5,310362.4200000005,2310362.4200000004
2023-08-25,-1052.0999999999997,-1003.9999999999997,48.1,4,309310.32000000053,2309310.3200000003
2023-09-01,1664.7000000000003,1705.0000000000002,40.300000000000004,2,310975.02000000054,2310975.0200000005
2023-09-08,2020.8999999999985,2055.9999999999986,35.1,4,312995.92000000057,2312995.9200000004
2023-09-15,3882.5,3928.0,45.5,4,316878.42000000057,2316878.4200000004
2023-09-22,1250.2000000000032,1284.0000000000032,33.800000000000004,5,318128.6200000006,2318128.6200000006
2023-09-29,-8055.599999999993,-7987.999999999993,67.60000000000001,6,310073.0200000006,2310073.0200000005
2023-10-06,593.1,597.0,3.9000000000000004,1,310666.1200000006,2310666.1200000006
2023-10-13,-7803.000000000004,-7777.000000000003,26.0,3,302863.1200000006,2302863.1200000006
2023-10-20,-3813.3000000000015,-3786.000000000002,27.3,3,299049.8200000006,2299049.8200000008
2023-10-27,-2629.4999999999964,-2609.9999999999964,19.5,1,296420.3200000006,2296420.3200000008
2023-11-03,1362.5999999999997,1385.9999999999998,23.400000000000002,1,297782.92000000057,2297782.9200000004
2023-11-10,1893.6,1904.0,10.4,2,299676.52000000054,2299676.5200000005
2023-11-17,1242.4000000000005,1271.0000000000005,28.6,3,300918.92000000057,2300918.9200000004
2023-12-01,222.70000000000002,224.00000000000003,1.3,1,301141.6200000006,2301141.6200000006
2023-12-08,1086.5,1093.0,6.5,2,302228.1200000006,2302228.1200000006
2023-12-15,3350.9,3412.0,61.1,5,305579.0200000006,2305579.0200000005
2023-12-22,1753.6,1816.0,62.4,2,307332.6200000006,2307332.6200000006
2023-12-29,5013.0,5104.0,91.0,4,312345.6200000006,2312345.6200000006
2024-01-05,467.2,488.0,20.8,3,312812.8200000006,2312812.8200000008
2024-01-12,687.4999999999999,693.9999999999999,6.5,2,313500.3200000006,2313500.3200000008
2024-01-19,-3494.499999999999,-3305.999999999999,188.50000000000003,3,310005.8200000006,2310005.8200000008
2024-01-26,-10352.699999999999,-10198.0,154.7,3,299653.1200000006,2299653.1200000006
2024-02-02,2214.4,2230.0,15.6,2,301867.5200000006,2301867.5200000005
2024-02-09,589.0999999999999,592.9999999999999,3.9000000000000004,2,302456.6200000006,2302456.6200000006
2024-02-16,1843.3,1933.0,89.7,4,304299.92000000057,2304299.9200000004
2024-02-23,765.7,780.0000000000001,14.3,2,305065.6200000006,2305065.6200000006
2024-03-01,528.7,569.0,40.3,3,305594.3200000006,2305594.3200000008
2024-03-08,231.7,233.0,1.3,1,305826.0200000006,2305826.0200000005
2024-03-15,2121.4,2189.0,67.6,3,307947.4200000006,2307947.420000001
2024-03-28,1767.7000000000003,1808.0000000000002,40.300000000000004,2,309715.12000000064,2309715.1200000006
2024-04-05,4379.9,4519.0,139.1,4,314095.02000000066,2314095.0200000005
2024-04-12,256.7,258.0,1.3,1,314351.72000000067,2314351.7200000007
2024-04-19,-883.299999999999,-881.9999999999991,1.3,1,313468.4200000007,2313468.420000001
2024-04-26,-4267.400000000002,-4127.000000000002,140.4,4,309201.02000000066,2309201.0200000005
2024-05-10,710.6,760.0,49.4,1,309911.62000000064,2309911.6200000006
2024-05-24,-533.2000000000052,-411.00000000000546,122.2,4,309378.4200000006,2309378.420000001
2024-05-31,256.7,258.0,1.3,1,309635.12000000064,2309635.1200000006
2024-06-07,459.1000000000041,489.0000000000041,29.900000000000002,5,310094.2200000006,2310094.2200000007
2024-06-14,-4660.0,-4634.0,26.0,2,305434.2200000006,2305434.2200000007
2024-06-21,-406.49999999998323,-347.99999999998334,58.5,3,305027.7200000006,2305027.7200000007
2024-07-05,759.7,852.0,92.3,1,305787.4200000006,2305787.420000001
2024-07-12,894.8,900.0,5.2,1,306682.2200000006,2306682.2200000007
2024-07-19,310.69999999999993,311.99999999999994,1.3,1,306992.9200000006,2306992.920000001
2024-07-26,-562.2999999999959,-534.9999999999959,27.3,5,306430.62000000064,2306430.6200000006
2024-08-02,-3712.5999999999995,-3709.9999999999995,2.6,1,302718.02000000066,2302718.0200000005
2024-08-09,-12124.499999999998,-12091.999999999998,32.5,3,290593.52000000066,2290593.5200000005
2024-08-16,599.1000000000001,603.0000000000001,3.9000000000000004,1,291192.62000000064,2291192.6200000006
2024-09-13,298.7,300.0,1.3,1,291491.32000000065,2291491.3200000008
2024-09-27,371.70000000000005,373.00000000000006,1.3,1,291863.02000000066,2291863.0200000005
2024-09-30,734.1999999999999,767.9999999999999,33.8,2,292597.22000000067,2292597.2200000007
2024-10-11,-5699.1,-5612.0,87.1,3,286898.1200000007,2286898.1200000006
2024-10-18,-7480.6,-7374.0,106.60000000000001,4,279417.5200000007,2279417.5200000005
2024-10-25,-3083.4000000000005,-3060.0000000000005,23.400000000000002,1,276334.1200000007,2276334.1200000006
2024-11-01,-7052.400000000001,-6990.0,62.400000000000006,2,269281.72000000067,2269281.7200000007
2024-12-06,695.0999999999999,698.9999999999999,3.9000000000000004,1,269976.82000000065,2269976.8200000008
2025-01-03,-1715.699999999999,-1703.9999999999986,11.700000000000001,2,268261.12000000064,2268261.1200000006
2025-01-10,-9682.299999999994,-9667.999999999993,14.3,2,258578.82000000065,2258578.8200000008
2025-01-17,1132.4,1200.0,67.6,2,259711.22000000064,2259711.2200000007
2025-01-24,315.4,318.0,2.6,1,260026.62000000064,2260026.6200000006
2025-01-31,2114.7,2142.0,27.3,1,262141.32000000065,2262141.3200000008
2025-02-21,846.9,960.0,113.1,2,262988.22000000067,2262988.2200000007
2025-02-28,-460.40000000000254,-450.0000000000025,10.4,2,262527.82000000065,2262527.8200000008
2025-03-07,-3612.5999999999945,-3609.9999999999945,2.6,1,258915.22000000064,2258915.2200000007
2025-03-14,-2108.6,-2106.0,2.6,1,256806.62000000064,2256806.6200000006
2025-03-21,-10356.899999999992,-10300.999999999993,55.900000000000006,3,246449.72000000064,2246449.7200000007
2025-03-28,708.8999999999999,730.9999999999999,22.1,1,247158.62000000064,2247158.6200000006
2025-04-25,1319.9000000000055,1342.0000000000055,22.1,2,248478.52000000063,2248478.5200000005
2025-05-23,41.10000000000001,45.00000000000001,3.9000000000000004,1,248519.62000000064,2248519.6200000006
2025-06-20,907.9999999999999,985.9999999999999,78.0,3,249427.62000000064,2249427.6200000006
2025-07-11,738.3,828.0,89.7,1,250165.92000000062,2250165.920000001
2025-07-18,5336.299999999999,5400.0,63.7,3,255502.2200000006,2255502.2200000007
2025-07-25,1368.7000000000003,1448.0,79.30000000000001,2,256870.92000000062,2256870.920000001
2025-08-01,1270.7999999999997,1275.9999999999998,5.2,1,258141.7200000006,2258141.7200000007
2025-08-08,1174.8,1180.0,5.2,1,259316.5200000006,2259316.5200000005
2025-08-15,2951.5,2997.0,45.5,2,262268.0200000006,2262268.0200000005
2025-08-22,1368.5,1375.0,6.5,1,263636.5200000006,2263636.5200000005
2025-08-29,1578.5,1637.0,58.5,2,265215.0200000006,2265215.0200000005
2025-09-05,2697.2,2717.9999999999995,20.8,2,267912.2200000006,2267912.2200000007
2025-09-12,428.4,444.0,15.600000000000001,1,268340.62000000064,2268340.6200000006
2025-09-19,4523.099999999999,4631.0,107.9,4,272863.7200000006,2272863.7200000007
2025-09-26,619.4000000000001,622.0000000000001,2.6,1,273483.12000000064,2273483.1200000006
2025-10-10,3953.4000000000005,4008.0000000000005,54.60000000000001,2,277436.52000000066,2277436.5200000005
2025-10-17,1858.3999999999978,1886.999999999998,28.6,2,279294.9200000007,2279294.920000001
2025-10-24,7225.200000000001,7311.0,85.80000000000001,5,286520.1200000007,2286520.1200000006
2025-10-31,4251.0,4407.0,156.0,4,290771.1200000007,2290771.1200000006
2025-11-21,-242.59999999999542,-239.99999999999542,2.6,1,290528.5200000007,2290528.5200000005
2025-11-28,2754.6,2817.0,62.400000000000006,3,293283.1200000007,2293283.1200000006
2025-12-05,362.7,364.0,1.3,1,293645.8200000007,2293645.8200000008
2025-12-12,824.1,828.0,3.9000000000000004,1,294469.9200000007,2294469.920000001
2025-12-31,414.7,416.0,1.3,1,294884.6200000007,2294884.6200000006
2026-01-02,2232.3,2296.0,63.7,2,297116.9200000007,2297116.920000001
2026-01-09,4196.900000000001,4258.0,61.1,3,301313.8200000007,2301313.8200000008
2026-01-16,410.7,412.0,1.3,1,301724.5200000007,2301724.5200000005
2026-01-23,796.2,804.0,7.800000000000001,1,302520.7200000007,2302520.7200000007
2026-01-30,3018.6999999999935,3058.9999999999936,40.3,4,305539.42000000074,2305539.420000001
2026-02-06,3289.1,3345.0,55.900000000000006,5,308828.5200000007,2308828.5200000005
2026-02-13,3462.3,3565.0,102.7,3,312290.8200000007,2312290.8200000008
2026-02-20,820.3000000000002,923.0000000000002,102.7,2,313111.1200000007,2313111.1200000006
2026-02-27,3142.0999999999954,3392.999999999995,250.9,6,316253.22000000067,2316253.2200000007
2026-03-06,1960.1000000000054,2029.0000000000055,68.9,2,318213.32000000065,2318213.3200000008
2026-03-13,-6194.100000000006,-6185.000000000006,9.1,2,312019.22000000067,2312019.2200000007
2026-03-20,-5315.69999999999,-5277.99999999999,37.7,1,306703.52000000066,2306703.5200000005
2026-03-27,-2658.600000000007,-2656.0000000000073,2.6,1,304044.9200000006,2304044.920000001
2026-05-15,3233.900000000001,3256.000000000001,22.1,4,307278.82000000065,2307278.8200000008
2026-05-22,1646.1999999999962,1666.9999999999964,20.8,3,308925.02000000066,2308925.0200000005
